{"cameraMode":{"drawMode":0,"name":"Shaded","section":"Shading Mode"},"sceneLighting":true,"audioPlay":false,"sceneViewState":{"m_AlwaysRefresh":false,"showFog":true,"showSkybox":true,"showFlares":true,"showImageEffects":true,"showParticleSystems":true,"showVisualEffectGraphs":true,"m_FxEnabled":false},"in2DMode":false,"pivot":{"x":-28.415685653686525,"y":17.515140533447267,"z":9.130379676818848},"rotation":{"x":-0.2811564803123474,"y":-0.008351625874638558,"z":0.0024469317868351938,"w":-0.9596235752105713},"size":16.29817008972168,"orthographic":false}