{"cameraMode":{"drawMode":0,"name":"Shaded","section":"Shading Mode"},"sceneLighting":false,"audioPlay":false,"sceneViewState":{"m_AlwaysRefresh":false,"showFog":true,"showSkybox":false,"showFlares":true,"showImageEffects":true,"showParticleSystems":true,"showVisualEffectGraphs":true,"m_FxEnabled":false},"in2DMode":false,"pivot":{"x":0.00020945072174072266,"y":0.7708587646484375,"z":0.3395337462425232},"rotation":{"x":0.09926781058311463,"y":-0.8413707613945007,"z":0.16576893627643586,"w":0.5050791501998901},"size":1.5424484014511109,"orthographic":false}