{"cameraMode":{"drawMode":0,"name":"Shaded","section":"Shading Mode"},"sceneLighting":false,"audioPlay":false,"sceneViewState":{"m_AlwaysRefresh":false,"showFog":true,"showSkybox":false,"showFlares":true,"showImageEffects":true,"showParticleSystems":true,"showVisualEffectGraphs":true,"m_FxEnabled":false},"in2DMode":false,"pivot":{"x":0.804658830165863,"y":1.684179425239563,"z":0.15510734915733338},"rotation":{"x":-0.00638304278254509,"y":-0.8250880837440491,"z":-0.009074993431568146,"w":0.5652025938034058},"size":1.5163352489471436,"orthographic":false}