{"cameraMode":{"drawMode":0,"name":"Shaded","section":"Shading Mode"},"sceneLighting":false,"audioPlay":false,"sceneViewState":{"m_AlwaysRefresh":false,"showFog":true,"showSkybox":false,"showFlares":true,"showImageEffects":true,"showParticleSystems":true,"showVisualEffectGraphs":true,"m_FxEnabled":false},"in2DMode":false,"pivot":{"x":1.3137707710266114,"y":1.1436635255813599,"z":-2.457397699356079},"rotation":{"x":-0.29379141330718996,"y":0.01632174663245678,"z":-0.005099528934806585,"w":-0.9558054208755493},"size":2.0458619594573976,"orthographic":false}