{"cameraMode":{"drawMode":0,"name":"Shaded","section":"Shading Mode"},"sceneLighting":false,"audioPlay":false,"sceneViewState":{"m_AlwaysRefresh":false,"showFog":true,"showSkybox":false,"showFlares":true,"showImageEffects":true,"showParticleSystems":true,"showVisualEffectGraphs":true,"m_FxEnabled":false},"in2DMode":false,"pivot":{"x":0.003414154052734375,"y":13.491649627685547,"z":0.6312170028686523},"rotation":{"x":-0.2816261053085327,"y":-0.05591917410492897,"z":0.016106270253658296,"w":-0.9579680562019348},"size":17.32050895690918,"orthographic":false}