{"cameraMode":{"drawMode":0,"name":"Shaded","section":"Shading Mode"},"sceneLighting":false,"audioPlay":false,"sceneViewState":{"m_AlwaysRefresh":false,"showFog":true,"showSkybox":false,"showFlares":true,"showImageEffects":true,"showParticleSystems":true,"showVisualEffectGraphs":true,"m_FxEnabled":false},"in2DMode":false,"pivot":{"x":0.16482537984848023,"y":0.6725692749023438,"z":0.28602224588394167},"rotation":{"x":0.09926781058311463,"y":-0.8413707613945007,"z":0.16576893627643586,"w":0.5050791501998901},"size":1.2778441905975342,"orthographic":false}