{"cameraMode":{"drawMode":0,"name":"Shaded","section":"Shading Mode"},"sceneLighting":false,"audioPlay":false,"sceneViewState":{"m_AlwaysRefresh":false,"showFog":true,"showSkybox":false,"showFlares":true,"showImageEffects":true,"showParticleSystems":true,"showVisualEffectGraphs":true,"m_FxEnabled":false},"in2DMode":false,"pivot":{"x":-0.00044155120849609375,"y":1.0473170280456544,"z":-0.0004432201385498047},"rotation":{"x":0.28040096163749697,"y":0.6952881813049316,"z":-0.3451825678348541,"w":0.5648052096366882},"size":1.584086298942566,"orthographic":false}